"X.Uploaded_variation","Location","Allele","Consequence","IMPACT","SYMBOL","Gene","Feature_type","Feature","BIOTYPE","EXON","INTRON","HGVSc","HGVSp","cDNA_position","CDS_position","Protein_position","Amino_acids","Codons","Existing_variation","REF_ALLELE","UPLOADED_ALLELE","DISTANCE","STRAND","FLAGS","SYMBOL_SOURCE","HGNC_ID","MANE","MANE_SELECT","MANE_PLUS_CLINICAL","TSL","APPRIS","ENSP","SOURCE","SIFT","PolyPhen","AF","CLIN_SIG","SOMATIC","PHENO","PUBMED","MOTIF_NAME","MOTIF_POS","HIGH_INF_POS","MOTIF_SCORE_CHANGE","TRANSCRIPTION_FACTORS","PHENOTYPES","ClinVar_SV","ClinVar_SV_CLNSIG","ClinVar_SV_CLNACC","CF_related"
".","7:117509089-117509089","T","missense_variant","MODERATE","CFTR","ENSG00000001626","Transcript","ENST00000003084.11","protein_coding","3/27","-","-","-","290","220","74","R/W","Cgg/Tgg","rs115545701,CM930098,COSV99134294","C","C/T","-","1","-","HGNC","HGNC:1884","MANE_Select","NM_000492.4","-","1","P4","ENSP00000003084","-","deleterious_low_confidence(0)","possibly_damaging(0.673)","0.0054","likely_benign,conflicting_classifications_of_pathogenicity,drug_response,uncertain_significance,likely_pathogenic","0,0,1","1,1,1","25741868,26199320,30996306,7691344,36552859,29655499,35338580,30563187,36335097,34721006,35280256,33600428,37628659,37327085","-","-","-","-","-","BRONCHIECTASIS_WITH_OR_WITHOUT_ELEVATED_SWEAT_CHLORIDE_1+MIM_morbid+ENSG00000001626,Cystic_Fibrosis+MIM_morbid+ENSG00000001626,PANCREATITIS__HEREDITARY+MIM_morbid+ENSG00000001626,VAS_DEFERENS__CONGENITAL_BILATERAL_APLASIA_OF+MIM_morbid+ENSG00000001626,Aquagenic_palmoplantar_keratoderma+Orphanet+ENSG00000001626,Congenital_bilateral_absence_of_vas_deferens+Orphanet+ENSG00000001626,Cystic_Fibrosis+Orphanet+ENSG00000001626,Hereditary_chronic_pancreatitis+Orphanet+ENSG00000001626,Idiopathic_bronchiectasis+Orphanet+ENSG00000001626,Male_infertility_with_azoospermia_or_oligozoospermia_due_to_single_gene_mutation+Orphanet+ENSG00000001626,BRONCHIECTASIS_WITH_OR_WITHOUT_ELEVATED_SWEAT_CHLORIDE_1+ClinVar+rs115545701,CFTR-related_disorder+ClinVar+rs115545701,ClinVar:_phenotype_not_specified+ClinVar+rs115545701,ClinVar:_phenotype_not_specified+ClinVar+rs115545701,ClinVar:_phenotype_not_specified+ClinVar+rs115545701,Cystic_Fibrosis+ClinVar+rs115545701,Cystic_Fibrosis+ClinVar+rs115545701,Hereditary_pancreatitis+ClinVar+rs115545701,ivacaftor_response_-_Efficacy+ClinVar+rs115545701","-","-","-",FALSE
".","7:117509089-117509089","T","missense_variant","MODERATE","CFTR","ENSG00000001626","Transcript","ENST00000426809.5","protein_coding","3/26","-","-","-","220","220","74","R/W","Cgg/Tgg","rs115545701,CM930098,COSV99134294","C","C/T","-","1","cds_end_NF","HGNC","HGNC:1884","-","-","-","5","-","ENSP00000389119","-","deleterious_low_confidence(0)","possibly_damaging(0.673)","0.0054","likely_benign,conflicting_classifications_of_pathogenicity,drug_response,uncertain_significance,likely_pathogenic","0,0,1","1,1,1","25741868,26199320,30996306,7691344,36552859,29655499,35338580,30563187,36335097,34721006,35280256,33600428,37628659,37327085","-","-","-","-","-","BRONCHIECTASIS_WITH_OR_WITHOUT_ELEVATED_SWEAT_CHLORIDE_1+MIM_morbid+ENSG00000001626,Cystic_Fibrosis+MIM_morbid+ENSG00000001626,PANCREATITIS__HEREDITARY+MIM_morbid+ENSG00000001626,VAS_DEFERENS__CONGENITAL_BILATERAL_APLASIA_OF+MIM_morbid+ENSG00000001626,Aquagenic_palmoplantar_keratoderma+Orphanet+ENSG00000001626,Congenital_bilateral_absence_of_vas_deferens+Orphanet+ENSG00000001626,Cystic_Fibrosis+Orphanet+ENSG00000001626,Hereditary_chronic_pancreatitis+Orphanet+ENSG00000001626,Idiopathic_bronchiectasis+Orphanet+ENSG00000001626,Male_infertility_with_azoospermia_or_oligozoospermia_due_to_single_gene_mutation+Orphanet+ENSG00000001626,BRONCHIECTASIS_WITH_OR_WITHOUT_ELEVATED_SWEAT_CHLORIDE_1+ClinVar+rs115545701,CFTR-related_disorder+ClinVar+rs115545701,ClinVar:_phenotype_not_specified+ClinVar+rs115545701,ClinVar:_phenotype_not_specified+ClinVar+rs115545701,ClinVar:_phenotype_not_specified+ClinVar+rs115545701,Cystic_Fibrosis+ClinVar+rs115545701,Cystic_Fibrosis+ClinVar+rs115545701,Hereditary_pancreatitis+ClinVar+rs115545701,ivacaftor_response_-_Efficacy+ClinVar+rs115545701","-","-","-",FALSE
".","7:117509089-117509089","T","missense_variant,NMD_transcript_variant","MODERATE","CFTR","ENSG00000001626","Transcript","ENST00000647720.2","nonsense_mediated_decay","3/27","-","-","-","327","220","74","R/W","Cgg/Tgg","rs115545701,CM930098,COSV99134294","C","C/T","-","1","-","HGNC","HGNC:1884","-","-","-","-","-","ENSP00000497673","-","deleterious_low_confidence(0)","benign(0.001)","0.0054","likely_benign,conflicting_classifications_of_pathogenicity,drug_response,uncertain_significance,likely_pathogenic","0,0,1","1,1,1","25741868,26199320,30996306,7691344,36552859,29655499,35338580,30563187,36335097,34721006,35280256,33600428,37628659,37327085","-","-","-","-","-","BRONCHIECTASIS_WITH_OR_WITHOUT_ELEVATED_SWEAT_CHLORIDE_1+MIM_morbid+ENSG00000001626,Cystic_Fibrosis+MIM_morbid+ENSG00000001626,PANCREATITIS__HEREDITARY+MIM_morbid+ENSG00000001626,VAS_DEFERENS__CONGENITAL_BILATERAL_APLASIA_OF+MIM_morbid+ENSG00000001626,Aquagenic_palmoplantar_keratoderma+Orphanet+ENSG00000001626,Congenital_bilateral_absence_of_vas_deferens+Orphanet+ENSG00000001626,Cystic_Fibrosis+Orphanet+ENSG00000001626,Hereditary_chronic_pancreatitis+Orphanet+ENSG00000001626,Idiopathic_bronchiectasis+Orphanet+ENSG00000001626,Male_infertility_with_azoospermia_or_oligozoospermia_due_to_single_gene_mutation+Orphanet+ENSG00000001626,BRONCHIECTASIS_WITH_OR_WITHOUT_ELEVATED_SWEAT_CHLORIDE_1+ClinVar+rs115545701,CFTR-related_disorder+ClinVar+rs115545701,ClinVar:_phenotype_not_specified+ClinVar+rs115545701,Cystic_Fibrosis+ClinVar+rs115545701,Cystic_Fibrosis+ClinVar+rs115545701,Hereditary_pancreatitis+ClinVar+rs115545701,ivacaftor_response_-_Efficacy+ClinVar+rs115545701","-","-","-",FALSE
".","7:117509089-117509089","T","missense_variant","MODERATE","CFTR","ENSG00000001626","Transcript","ENST00000648260.1","protein_coding","3/17","-","-","-","304","220","74","R/W","Cgg/Tgg","rs115545701,CM930098,COSV99134294","C","C/T","-","1","-","HGNC","HGNC:1884","-","-","-","-","-","ENSP00000497957","-","deleterious_low_confidence(0)","benign(0.001)","0.0054","likely_benign,conflicting_classifications_of_pathogenicity,drug_response,uncertain_significance,likely_pathogenic","0,0,1","1,1,1","25741868,26199320,30996306,7691344,36552859,29655499,35338580,30563187,36335097,34721006,35280256,33600428,37628659,37327085","-","-","-","-","-","BRONCHIECTASIS_WITH_OR_WITHOUT_ELEVATED_SWEAT_CHLORIDE_1+MIM_morbid+ENSG00000001626,Cystic_Fibrosis+MIM_morbid+ENSG00000001626,PANCREATITIS__HEREDITARY+MIM_morbid+ENSG00000001626,VAS_DEFERENS__CONGENITAL_BILATERAL_APLASIA_OF+MIM_morbid+ENSG00000001626,Aquagenic_palmoplantar_keratoderma+Orphanet+ENSG00000001626,Congenital_bilateral_absence_of_vas_deferens+Orphanet+ENSG00000001626,Cystic_Fibrosis+Orphanet+ENSG00000001626,Hereditary_chronic_pancreatitis+Orphanet+ENSG00000001626,Idiopathic_bronchiectasis+Orphanet+ENSG00000001626,Male_infertility_with_azoospermia_or_oligozoospermia_due_to_single_gene_mutation+Orphanet+ENSG00000001626,BRONCHIECTASIS_WITH_OR_WITHOUT_ELEVATED_SWEAT_CHLORIDE_1+ClinVar+rs115545701,CFTR-related_disorder+ClinVar+rs115545701,ClinVar:_phenotype_not_specified+ClinVar+rs115545701,ClinVar:_phenotype_not_specified+ClinVar+rs115545701,ClinVar:_phenotype_not_specified+ClinVar+rs115545701,Cystic_Fibrosis+ClinVar+rs115545701,Cystic_Fibrosis+ClinVar+rs115545701,Hereditary_pancreatitis+ClinVar+rs115545701,ivacaftor_response_-_Efficacy+ClinVar+rs115545701","-","-","-",FALSE
".","7:117509089-117509089","T","missense_variant","MODERATE","CFTR","ENSG00000001626","Transcript","ENST00000649406.1","protein_coding","3/21","-","-","-","304","220","74","R/W","Cgg/Tgg","rs115545701,CM930098,COSV99134294","C","C/T","-","1","-","HGNC","HGNC:1884","-","-","-","-","-","ENSP00000497965","-","deleterious_low_confidence(0.01)","benign(0)","0.0054","likely_benign,conflicting_classifications_of_pathogenicity,drug_response,uncertain_significance,likely_pathogenic","0,0,1","1,1,1","25741868,26199320,30996306,7691344,36552859,29655499,35338580,30563187,36335097,34721006,35280256,33600428,37628659,37327085","-","-","-","-","-","BRONCHIECTASIS_WITH_OR_WITHOUT_ELEVATED_SWEAT_CHLORIDE_1+MIM_morbid+ENSG00000001626,Cystic_Fibrosis+MIM_morbid+ENSG00000001626,PANCREATITIS__HEREDITARY+MIM_morbid+ENSG00000001626,VAS_DEFERENS__CONGENITAL_BILATERAL_APLASIA_OF+MIM_morbid+ENSG00000001626,Aquagenic_palmoplantar_keratoderma+Orphanet+ENSG00000001626,Congenital_bilateral_absence_of_vas_deferens+Orphanet+ENSG00000001626,Cystic_Fibrosis+Orphanet+ENSG00000001626,Hereditary_chronic_pancreatitis+Orphanet+ENSG00000001626,Idiopathic_bronchiectasis+Orphanet+ENSG00000001626,Male_infertility_with_azoospermia_or_oligozoospermia_due_to_single_gene_mutation+Orphanet+ENSG00000001626,BRONCHIECTASIS_WITH_OR_WITHOUT_ELEVATED_SWEAT_CHLORIDE_1+ClinVar+rs115545701,CFTR-related_disorder+ClinVar+rs115545701,ClinVar:_phenotype_not_specified+ClinVar+rs115545701,ClinVar:_phenotype_not_specified+ClinVar+rs115545701,ClinVar:_phenotype_not_specified+ClinVar+rs115545701,Cystic_Fibrosis+ClinVar+rs115545701,Cystic_Fibrosis+ClinVar+rs115545701,Hereditary_pancreatitis+ClinVar+rs115545701,ivacaftor_response_-_Efficacy+ClinVar+rs115545701","-","-","-",FALSE
".","7:117509089-117509089","T","missense_variant","MODERATE","CFTR","ENSG00000001626","Transcript","ENST00000649781.2","protein_coding","3/26","-","-","-","304","220","74","R/W","Cgg/Tgg","rs115545701,CM930098,COSV99134294","C","C/T","-","1","-","HGNC","HGNC:1884","-","-","-","-","-","ENSP00000497203","-","deleterious_low_confidence(0.01)","benign(0.007)","0.0054","likely_benign,conflicting_classifications_of_pathogenicity,drug_response,uncertain_significance,likely_pathogenic","0,0,1","1,1,1","25741868,26199320,30996306,7691344,36552859,29655499,35338580,30563187,36335097,34721006,35280256,33600428,37628659,37327085","-","-","-","-","-","BRONCHIECTASIS_WITH_OR_WITHOUT_ELEVATED_SWEAT_CHLORIDE_1+MIM_morbid+ENSG00000001626,Cystic_Fibrosis+MIM_morbid+ENSG00000001626,PANCREATITIS__HEREDITARY+MIM_morbid+ENSG00000001626,VAS_DEFERENS__CONGENITAL_BILATERAL_APLASIA_OF+MIM_morbid+ENSG00000001626,Aquagenic_palmoplantar_keratoderma+Orphanet+ENSG00000001626,Congenital_bilateral_absence_of_vas_deferens+Orphanet+ENSG00000001626,Cystic_Fibrosis+Orphanet+ENSG00000001626,Hereditary_chronic_pancreatitis+Orphanet+ENSG00000001626,Idiopathic_bronchiectasis+Orphanet+ENSG00000001626,Male_infertility_with_azoospermia_or_oligozoospermia_due_to_single_gene_mutation+Orphanet+ENSG00000001626,BRONCHIECTASIS_WITH_OR_WITHOUT_ELEVATED_SWEAT_CHLORIDE_1+ClinVar+rs115545701,CFTR-related_disorder+ClinVar+rs115545701,ClinVar:_phenotype_not_specified+ClinVar+rs115545701,ClinVar:_phenotype_not_specified+ClinVar+rs115545701,Cystic_Fibrosis+ClinVar+rs115545701,Cystic_Fibrosis+ClinVar+rs115545701,Hereditary_pancreatitis+ClinVar+rs115545701,ivacaftor_response_-_Efficacy+ClinVar+rs115545701","-","-","-",FALSE
".","7:117509089-117509089","T","missense_variant,NMD_transcript_variant","MODERATE","CFTR","ENSG00000001626","Transcript","ENST00000685018.2","nonsense_mediated_decay","3/28","-","-","-","327","220","74","R/W","Cgg/Tgg","rs115545701,CM930098,COSV99134294","C","C/T","-","1","-","HGNC","HGNC:1884","-","-","-","-","-","ENSP00000510194","-","deleterious_low_confidence(0)","possibly_damaging(0.825)","0.0054","likely_benign,conflicting_classifications_of_pathogenicity,drug_response,uncertain_significance,likely_pathogenic","0,0,1","1,1,1","25741868,26199320,30996306,7691344,36552859,29655499,35338580,30563187,36335097,34721006,35280256,33600428,37628659,37327085","-","-","-","-","-","BRONCHIECTASIS_WITH_OR_WITHOUT_ELEVATED_SWEAT_CHLORIDE_1+MIM_morbid+ENSG00000001626,Cystic_Fibrosis+MIM_morbid+ENSG00000001626,PANCREATITIS__HEREDITARY+MIM_morbid+ENSG00000001626,VAS_DEFERENS__CONGENITAL_BILATERAL_APLASIA_OF+MIM_morbid+ENSG00000001626,Aquagenic_palmoplantar_keratoderma+Orphanet+ENSG00000001626,Congenital_bilateral_absence_of_vas_deferens+Orphanet+ENSG00000001626,Cystic_Fibrosis+Orphanet+ENSG00000001626,Hereditary_chronic_pancreatitis+Orphanet+ENSG00000001626,Idiopathic_bronchiectasis+Orphanet+ENSG00000001626,Male_infertility_with_azoospermia_or_oligozoospermia_due_to_single_gene_mutation+Orphanet+ENSG00000001626,BRONCHIECTASIS_WITH_OR_WITHOUT_ELEVATED_SWEAT_CHLORIDE_1+ClinVar+rs115545701,CFTR-related_disorder+ClinVar+rs115545701,ClinVar:_phenotype_not_specified+ClinVar+rs115545701,ClinVar:_phenotype_not_specified+ClinVar+rs115545701,Cystic_Fibrosis+ClinVar+rs115545701,Cystic_Fibrosis+ClinVar+rs115545701,Hereditary_pancreatitis+ClinVar+rs115545701,ivacaftor_response_-_Efficacy+ClinVar+rs115545701","-","-","-",FALSE
".","7:117509089-117509089","T","missense_variant,NMD_transcript_variant","MODERATE","CFTR","ENSG00000001626","Transcript","ENST00000687278.2","nonsense_mediated_decay","3/29","-","-","-","327","220","74","R/W","Cgg/Tgg","rs115545701,CM930098,COSV99134294","C","C/T","-","1","-","HGNC","HGNC:1884","-","-","-","-","-","ENSP00000509593","-","deleterious_low_confidence(0)","possibly_damaging(0.781)","0.0054","likely_benign,conflicting_classifications_of_pathogenicity,drug_response,uncertain_significance,likely_pathogenic","0,0,1","1,1,1","25741868,26199320,30996306,7691344,36552859,29655499,35338580,30563187,36335097,34721006,35280256,33600428,37628659,37327085","-","-","-","-","-","BRONCHIECTASIS_WITH_OR_WITHOUT_ELEVATED_SWEAT_CHLORIDE_1+MIM_morbid+ENSG00000001626,Cystic_Fibrosis+MIM_morbid+ENSG00000001626,PANCREATITIS__HEREDITARY+MIM_morbid+ENSG00000001626,VAS_DEFERENS__CONGENITAL_BILATERAL_APLASIA_OF+MIM_morbid+ENSG00000001626,Aquagenic_palmoplantar_keratoderma+Orphanet+ENSG00000001626,Congenital_bilateral_absence_of_vas_deferens+Orphanet+ENSG00000001626,Cystic_Fibrosis+Orphanet+ENSG00000001626,Hereditary_chronic_pancreatitis+Orphanet+ENSG00000001626,Idiopathic_bronchiectasis+Orphanet+ENSG00000001626,Male_infertility_with_azoospermia_or_oligozoospermia_due_to_single_gene_mutation+Orphanet+ENSG00000001626,BRONCHIECTASIS_WITH_OR_WITHOUT_ELEVATED_SWEAT_CHLORIDE_1+ClinVar+rs115545701,CFTR-related_disorder+ClinVar+rs115545701,ClinVar:_phenotype_not_specified+ClinVar+rs115545701,ClinVar:_phenotype_not_specified+ClinVar+rs115545701,Cystic_Fibrosis+ClinVar+rs115545701,Cystic_Fibrosis+ClinVar+rs115545701,Hereditary_pancreatitis+ClinVar+rs115545701,ivacaftor_response_-_Efficacy+ClinVar+rs115545701","-","-","-",FALSE
".","7:117509089-117509089","T","missense_variant,NMD_transcript_variant","MODERATE","CFTR","ENSG00000001626","Transcript","ENST00000699585.1","nonsense_mediated_decay","3/27","-","-","-","327","220","74","R/W","Cgg/Tgg","rs115545701,CM930098,COSV99134294","C","C/T","-","1","-","HGNC","HGNC:1884","-","-","-","-","-","ENSP00000514456","-","deleterious_low_confidence(0)","benign(0.001)","0.0054","likely_benign,conflicting_classifications_of_pathogenicity,drug_response,uncertain_significance,likely_pathogenic","0,0,1","1,1,1","25741868,26199320,30996306,7691344,36552859,29655499,35338580,30563187,36335097,34721006,35280256,33600428,37628659,37327085","-","-","-","-","-","BRONCHIECTASIS_WITH_OR_WITHOUT_ELEVATED_SWEAT_CHLORIDE_1+MIM_morbid+ENSG00000001626,Cystic_Fibrosis+MIM_morbid+ENSG00000001626,PANCREATITIS__HEREDITARY+MIM_morbid+ENSG00000001626,VAS_DEFERENS__CONGENITAL_BILATERAL_APLASIA_OF+MIM_morbid+ENSG00000001626,Aquagenic_palmoplantar_keratoderma+Orphanet+ENSG00000001626,Congenital_bilateral_absence_of_vas_deferens+Orphanet+ENSG00000001626,Cystic_Fibrosis+Orphanet+ENSG00000001626,Hereditary_chronic_pancreatitis+Orphanet+ENSG00000001626,Idiopathic_bronchiectasis+Orphanet+ENSG00000001626,Male_infertility_with_azoospermia_or_oligozoospermia_due_to_single_gene_mutation+Orphanet+ENSG00000001626,BRONCHIECTASIS_WITH_OR_WITHOUT_ELEVATED_SWEAT_CHLORIDE_1+ClinVar+rs115545701,CFTR-related_disorder+ClinVar+rs115545701,ClinVar:_phenotype_not_specified+ClinVar+rs115545701,ClinVar:_phenotype_not_specified+ClinVar+rs115545701,Cystic_Fibrosis+ClinVar+rs115545701,Cystic_Fibrosis+ClinVar+rs115545701,Hereditary_pancreatitis+ClinVar+rs115545701,ivacaftor_response_-_Efficacy+ClinVar+rs115545701","-","-","-",FALSE
".","7:117509089-117509089","T","missense_variant","MODERATE","CFTR","ENSG00000001626","Transcript","ENST00000699596.1","protein_coding","3/11","-","-","-","327","220","74","R/W","Cgg/Tgg","rs115545701,CM930098,COSV99134294","C","C/T","-","1","-","HGNC","HGNC:1884","-","-","-","-","-","ENSP00000514465","-","deleterious_low_confidence(0)","benign(0)","0.0054","likely_benign,conflicting_classifications_of_pathogenicity,drug_response,uncertain_significance,likely_pathogenic","0,0,1","1,1,1","25741868,26199320,30996306,7691344,36552859,29655499,35338580,30563187,36335097,34721006,35280256,33600428,37628659,37327085","-","-","-","-","-","BRONCHIECTASIS_WITH_OR_WITHOUT_ELEVATED_SWEAT_CHLORIDE_1+MIM_morbid+ENSG00000001626,Cystic_Fibrosis+MIM_morbid+ENSG00000001626,PANCREATITIS__HEREDITARY+MIM_morbid+ENSG00000001626,VAS_DEFERENS__CONGENITAL_BILATERAL_APLASIA_OF+MIM_morbid+ENSG00000001626,Aquagenic_palmoplantar_keratoderma+Orphanet+ENSG00000001626,Congenital_bilateral_absence_of_vas_deferens+Orphanet+ENSG00000001626,Cystic_Fibrosis+Orphanet+ENSG00000001626,Hereditary_chronic_pancreatitis+Orphanet+ENSG00000001626,Idiopathic_bronchiectasis+Orphanet+ENSG00000001626,Male_infertility_with_azoospermia_or_oligozoospermia_due_to_single_gene_mutation+Orphanet+ENSG00000001626,BRONCHIECTASIS_WITH_OR_WITHOUT_ELEVATED_SWEAT_CHLORIDE_1+ClinVar+rs115545701,CFTR-related_disorder+ClinVar+rs115545701,ClinVar:_phenotype_not_specified+ClinVar+rs115545701,ClinVar:_phenotype_not_specified+ClinVar+rs115545701,ClinVar:_phenotype_not_specified+ClinVar+rs115545701,Cystic_Fibrosis+ClinVar+rs115545701,Cystic_Fibrosis+ClinVar+rs115545701,Hereditary_pancreatitis+ClinVar+rs115545701,ivacaftor_response_-_Efficacy+ClinVar+rs115545701","-","-","-",FALSE
".","7:117509089-117509089","T","missense_variant","MODERATE","CFTR","ENSG00000001626","Transcript","ENST00000699597.1","protein_coding","3/11","-","-","-","327","220","74","R/W","Cgg/Tgg","rs115545701,CM930098,COSV99134294","C","C/T","-","1","-","HGNC","HGNC:1884","-","-","-","-","-","ENSP00000514466","-","deleterious_low_confidence(0)","benign(0)","0.0054","likely_benign,conflicting_classifications_of_pathogenicity,drug_response,uncertain_significance,likely_pathogenic","0,0,1","1,1,1","25741868,26199320,30996306,7691344,36552859,29655499,35338580,30563187,36335097,34721006,35280256,33600428,37628659,37327085","-","-","-","-","-","BRONCHIECTASIS_WITH_OR_WITHOUT_ELEVATED_SWEAT_CHLORIDE_1+MIM_morbid+ENSG00000001626,Cystic_Fibrosis+MIM_morbid+ENSG00000001626,PANCREATITIS__HEREDITARY+MIM_morbid+ENSG00000001626,VAS_DEFERENS__CONGENITAL_BILATERAL_APLASIA_OF+MIM_morbid+ENSG00000001626,Aquagenic_palmoplantar_keratoderma+Orphanet+ENSG00000001626,Congenital_bilateral_absence_of_vas_deferens+Orphanet+ENSG00000001626,Cystic_Fibrosis+Orphanet+ENSG00000001626,Hereditary_chronic_pancreatitis+Orphanet+ENSG00000001626,Idiopathic_bronchiectasis+Orphanet+ENSG00000001626,Male_infertility_with_azoospermia_or_oligozoospermia_due_to_single_gene_mutation+Orphanet+ENSG00000001626,BRONCHIECTASIS_WITH_OR_WITHOUT_ELEVATED_SWEAT_CHLORIDE_1+ClinVar+rs115545701,CFTR-related_disorder+ClinVar+rs115545701,ClinVar:_phenotype_not_specified+ClinVar+rs115545701,ClinVar:_phenotype_not_specified+ClinVar+rs115545701,Cystic_Fibrosis+ClinVar+rs115545701,Cystic_Fibrosis+ClinVar+rs115545701,Hereditary_pancreatitis+ClinVar+rs115545701,ivacaftor_response_-_Efficacy+ClinVar+rs115545701","-","-","-",FALSE
".","7:117509089-117509089","T","missense_variant,NMD_transcript_variant","MODERATE","CFTR","ENSG00000001626","Transcript","ENST00000699598.1","nonsense_mediated_decay","3/29","-","-","-","327","220","74","R/W","Cgg/Tgg","rs115545701,CM930098,COSV99134294","C","C/T","-","1","-","HGNC","HGNC:1884","-","-","-","-","-","ENSP00000514467","-","deleterious_low_confidence(0)","possibly_damaging(0.781)","0.0054","likely_benign,conflicting_classifications_of_pathogenicity,drug_response,uncertain_significance,likely_pathogenic","0,0,1","1,1,1","25741868,26199320,30996306,7691344,36552859,29655499,35338580,30563187,36335097,34721006,35280256,33600428,37628659,37327085","-","-","-","-","-","BRONCHIECTASIS_WITH_OR_WITHOUT_ELEVATED_SWEAT_CHLORIDE_1+MIM_morbid+ENSG00000001626,Cystic_Fibrosis+MIM_morbid+ENSG00000001626,PANCREATITIS__HEREDITARY+MIM_morbid+ENSG00000001626,VAS_DEFERENS__CONGENITAL_BILATERAL_APLASIA_OF+MIM_morbid+ENSG00000001626,Aquagenic_palmoplantar_keratoderma+Orphanet+ENSG00000001626,Congenital_bilateral_absence_of_vas_deferens+Orphanet+ENSG00000001626,Cystic_Fibrosis+Orphanet+ENSG00000001626,Hereditary_chronic_pancreatitis+Orphanet+ENSG00000001626,Idiopathic_bronchiectasis+Orphanet+ENSG00000001626,Male_infertility_with_azoospermia_or_oligozoospermia_due_to_single_gene_mutation+Orphanet+ENSG00000001626,BRONCHIECTASIS_WITH_OR_WITHOUT_ELEVATED_SWEAT_CHLORIDE_1+ClinVar+rs115545701,CFTR-related_disorder+ClinVar+rs115545701,ClinVar:_phenotype_not_specified+ClinVar+rs115545701,ClinVar:_phenotype_not_specified+ClinVar+rs115545701,ClinVar:_phenotype_not_specified+ClinVar+rs115545701,Cystic_Fibrosis+ClinVar+rs115545701,Cystic_Fibrosis+ClinVar+rs115545701,Hereditary_pancreatitis+ClinVar+rs115545701,ivacaftor_response_-_Efficacy+ClinVar+rs115545701","-","-","-",FALSE
".","7:117509089-117509089","T","missense_variant,NMD_transcript_variant","MODERATE","CFTR","ENSG00000001626","Transcript","ENST00000699599.1","nonsense_mediated_decay","3/30","-","-","-","327","220","74","R/W","Cgg/Tgg","rs115545701,CM930098,COSV99134294","C","C/T","-","1","-","HGNC","HGNC:1884","-","-","-","-","-","ENSP00000514468","-","deleterious_low_confidence(0)","possibly_damaging(0.825)","0.0054","likely_benign,conflicting_classifications_of_pathogenicity,drug_response,uncertain_significance,likely_pathogenic","0,0,1","1,1,1","25741868,26199320,30996306,7691344,36552859,29655499,35338580,30563187,36335097,34721006,35280256,33600428,37628659,37327085","-","-","-","-","-","BRONCHIECTASIS_WITH_OR_WITHOUT_ELEVATED_SWEAT_CHLORIDE_1+MIM_morbid+ENSG00000001626,Cystic_Fibrosis+MIM_morbid+ENSG00000001626,PANCREATITIS__HEREDITARY+MIM_morbid+ENSG00000001626,VAS_DEFERENS__CONGENITAL_BILATERAL_APLASIA_OF+MIM_morbid+ENSG00000001626,Aquagenic_palmoplantar_keratoderma+Orphanet+ENSG00000001626,Congenital_bilateral_absence_of_vas_deferens+Orphanet+ENSG00000001626,Cystic_Fibrosis+Orphanet+ENSG00000001626,Hereditary_chronic_pancreatitis+Orphanet+ENSG00000001626,Idiopathic_bronchiectasis+Orphanet+ENSG00000001626,Male_infertility_with_azoospermia_or_oligozoospermia_due_to_single_gene_mutation+Orphanet+ENSG00000001626,BRONCHIECTASIS_WITH_OR_WITHOUT_ELEVATED_SWEAT_CHLORIDE_1+ClinVar+rs115545701,CFTR-related_disorder+ClinVar+rs115545701,ClinVar:_phenotype_not_specified+ClinVar+rs115545701,ClinVar:_phenotype_not_specified+ClinVar+rs115545701,ClinVar:_phenotype_not_specified+ClinVar+rs115545701,Cystic_Fibrosis+ClinVar+rs115545701,Cystic_Fibrosis+ClinVar+rs115545701,Hereditary_pancreatitis+ClinVar+rs115545701,ivacaftor_response_-_Efficacy+ClinVar+rs115545701","-","-","-",FALSE
".","7:117509089-117509089","T","missense_variant,NMD_transcript_variant","MODERATE","CFTR","ENSG00000001626","Transcript","ENST00000699600.1","nonsense_mediated_decay","3/29","-","-","-","327","220","74","R/W","Cgg/Tgg","rs115545701,CM930098,COSV99134294","C","C/T","-","1","-","HGNC","HGNC:1884","-","-","-","-","-","ENSP00000514469","-","deleterious_low_confidence(0)","possibly_damaging(0.781)","0.0054","likely_benign,conflicting_classifications_of_pathogenicity,drug_response,uncertain_significance,likely_pathogenic","0,0,1","1,1,1","25741868,26199320,30996306,7691344,36552859,29655499,35338580,30563187,36335097,34721006,35280256,33600428,37628659,37327085","-","-","-","-","-","BRONCHIECTASIS_WITH_OR_WITHOUT_ELEVATED_SWEAT_CHLORIDE_1+MIM_morbid+ENSG00000001626,Cystic_Fibrosis+MIM_morbid+ENSG00000001626,PANCREATITIS__HEREDITARY+MIM_morbid+ENSG00000001626,VAS_DEFERENS__CONGENITAL_BILATERAL_APLASIA_OF+MIM_morbid+ENSG00000001626,Aquagenic_palmoplantar_keratoderma+Orphanet+ENSG00000001626,Congenital_bilateral_absence_of_vas_deferens+Orphanet+ENSG00000001626,Cystic_Fibrosis+Orphanet+ENSG00000001626,Hereditary_chronic_pancreatitis+Orphanet+ENSG00000001626,Idiopathic_bronchiectasis+Orphanet+ENSG00000001626,Male_infertility_with_azoospermia_or_oligozoospermia_due_to_single_gene_mutation+Orphanet+ENSG00000001626,BRONCHIECTASIS_WITH_OR_WITHOUT_ELEVATED_SWEAT_CHLORIDE_1+ClinVar+rs115545701,CFTR-related_disorder+ClinVar+rs115545701,ClinVar:_phenotype_not_specified+ClinVar+rs115545701,ClinVar:_phenotype_not_specified+ClinVar+rs115545701,Cystic_Fibrosis+ClinVar+rs115545701,Cystic_Fibrosis+ClinVar+rs115545701,Hereditary_pancreatitis+ClinVar+rs115545701,ivacaftor_response_-_Efficacy+ClinVar+rs115545701","-","-","-",FALSE
".","7:117509089-117509089","T","missense_variant,NMD_transcript_variant","MODERATE","CFTR","ENSG00000001626","Transcript","ENST00000699601.1","nonsense_mediated_decay","3/27","-","-","-","327","220","74","R/W","Cgg/Tgg","rs115545701,CM930098,COSV99134294","C","C/T","-","1","-","HGNC","HGNC:1884","-","-","-","-","-","ENSP00000514470","-","deleterious_low_confidence(0)","benign(0)","0.0054","likely_benign,conflicting_classifications_of_pathogenicity,drug_response,uncertain_significance,likely_pathogenic","0,0,1","1,1,1","25741868,26199320,30996306,7691344,36552859,29655499,35338580,30563187,36335097,34721006,35280256,33600428,37628659,37327085","-","-","-","-","-","BRONCHIECTASIS_WITH_OR_WITHOUT_ELEVATED_SWEAT_CHLORIDE_1+MIM_morbid+ENSG00000001626,Cystic_Fibrosis+MIM_morbid+ENSG00000001626,PANCREATITIS__HEREDITARY+MIM_morbid+ENSG00000001626,VAS_DEFERENS__CONGENITAL_BILATERAL_APLASIA_OF+MIM_morbid+ENSG00000001626,Aquagenic_palmoplantar_keratoderma+Orphanet+ENSG00000001626,Congenital_bilateral_absence_of_vas_deferens+Orphanet+ENSG00000001626,Cystic_Fibrosis+Orphanet+ENSG00000001626,Hereditary_chronic_pancreatitis+Orphanet+ENSG00000001626,Idiopathic_bronchiectasis+Orphanet+ENSG00000001626,Male_infertility_with_azoospermia_or_oligozoospermia_due_to_single_gene_mutation+Orphanet+ENSG00000001626,BRONCHIECTASIS_WITH_OR_WITHOUT_ELEVATED_SWEAT_CHLORIDE_1+ClinVar+rs115545701,CFTR-related_disorder+ClinVar+rs115545701,ClinVar:_phenotype_not_specified+ClinVar+rs115545701,ClinVar:_phenotype_not_specified+ClinVar+rs115545701,Cystic_Fibrosis+ClinVar+rs115545701,Cystic_Fibrosis+ClinVar+rs115545701,Hereditary_pancreatitis+ClinVar+rs115545701,ivacaftor_response_-_Efficacy+ClinVar+rs115545701","-","-","-",FALSE
".","7:117509089-117509089","T","missense_variant","MODERATE","CFTR","ENSG00000001626","Transcript","ENST00000699602.1","protein_coding","3/27","-","-","-","327","220","74","R/W","Cgg/Tgg","rs115545701,CM930098,COSV99134294","C","C/T","-","1","-","HGNC","HGNC:1884","-","-","-","-","A1","ENSP00000514471","-","deleterious_low_confidence(0)","possibly_damaging(0.659)","0.0054","likely_benign,conflicting_classifications_of_pathogenicity,drug_response,uncertain_significance,likely_pathogenic","0,0,1","1,1,1","25741868,26199320,30996306,7691344,36552859,29655499,35338580,30563187,36335097,34721006,35280256,33600428,37628659,37327085","-","-","-","-","-","BRONCHIECTASIS_WITH_OR_WITHOUT_ELEVATED_SWEAT_CHLORIDE_1+MIM_morbid+ENSG00000001626,Cystic_Fibrosis+MIM_morbid+ENSG00000001626,PANCREATITIS__HEREDITARY+MIM_morbid+ENSG00000001626,VAS_DEFERENS__CONGENITAL_BILATERAL_APLASIA_OF+MIM_morbid+ENSG00000001626,Aquagenic_palmoplantar_keratoderma+Orphanet+ENSG00000001626,Congenital_bilateral_absence_of_vas_deferens+Orphanet+ENSG00000001626,Cystic_Fibrosis+Orphanet+ENSG00000001626,Hereditary_chronic_pancreatitis+Orphanet+ENSG00000001626,Idiopathic_bronchiectasis+Orphanet+ENSG00000001626,Male_infertility_with_azoospermia_or_oligozoospermia_due_to_single_gene_mutation+Orphanet+ENSG00000001626,BRONCHIECTASIS_WITH_OR_WITHOUT_ELEVATED_SWEAT_CHLORIDE_1+ClinVar+rs115545701,CFTR-related_disorder+ClinVar+rs115545701,ClinVar:_phenotype_not_specified+ClinVar+rs115545701,ClinVar:_phenotype_not_specified+ClinVar+rs115545701,Cystic_Fibrosis+ClinVar+rs115545701,Cystic_Fibrosis+ClinVar+rs115545701,Hereditary_pancreatitis+ClinVar+rs115545701,ivacaftor_response_-_Efficacy+ClinVar+rs115545701","-","-","-",FALSE
".","7:117509089-117509089","T","missense_variant","MODERATE","CFTR","ENSG00000001626","Transcript","ENST00000889206.1","protein_coding","3/26","-","-","-","335","220","74","R/W","Cgg/Tgg","rs115545701,CM930098,COSV99134294","C","C/T","-","1","-","HGNC","HGNC:1884","-","-","-","-","-","ENSP00000559265","-","-","-","0.0054","likely_benign,conflicting_classifications_of_pathogenicity,drug_response,uncertain_significance,likely_pathogenic","0,0,1","1,1,1","25741868,26199320,30996306,7691344,36552859,29655499,35338580,30563187,36335097,34721006,35280256,33600428,37628659,37327085","-","-","-","-","-","BRONCHIECTASIS_WITH_OR_WITHOUT_ELEVATED_SWEAT_CHLORIDE_1+MIM_morbid+ENSG00000001626,Cystic_Fibrosis+MIM_morbid+ENSG00000001626,PANCREATITIS__HEREDITARY+MIM_morbid+ENSG00000001626,VAS_DEFERENS__CONGENITAL_BILATERAL_APLASIA_OF+MIM_morbid+ENSG00000001626,Aquagenic_palmoplantar_keratoderma+Orphanet+ENSG00000001626,Congenital_bilateral_absence_of_vas_deferens+Orphanet+ENSG00000001626,Cystic_Fibrosis+Orphanet+ENSG00000001626,Hereditary_chronic_pancreatitis+Orphanet+ENSG00000001626,Idiopathic_bronchiectasis+Orphanet+ENSG00000001626,Male_infertility_with_azoospermia_or_oligozoospermia_due_to_single_gene_mutation+Orphanet+ENSG00000001626,BRONCHIECTASIS_WITH_OR_WITHOUT_ELEVATED_SWEAT_CHLORIDE_1+ClinVar+rs115545701,CFTR-related_disorder+ClinVar+rs115545701,ClinVar:_phenotype_not_specified+ClinVar+rs115545701,ClinVar:_phenotype_not_specified+ClinVar+rs115545701,ClinVar:_phenotype_not_specified+ClinVar+rs115545701,Cystic_Fibrosis+ClinVar+rs115545701,Cystic_Fibrosis+ClinVar+rs115545701,Hereditary_pancreatitis+ClinVar+rs115545701,ivacaftor_response_-_Efficacy+ClinVar+rs115545701","-","-","-",FALSE
".","7:117509089-117509089","T","missense_variant","MODERATE","CFTR","ENSG00000001626","Transcript","ENST00000889207.1","protein_coding","3/26","-","-","-","318","220","74","R/W","Cgg/Tgg","rs115545701,CM930098,COSV99134294","C","C/T","-","1","-","HGNC","HGNC:1884","-","-","-","-","-","ENSP00000559266","-","-","-","0.0054","likely_benign,conflicting_classifications_of_pathogenicity,drug_response,uncertain_significance,likely_pathogenic","0,0,1","1,1,1","25741868,26199320,30996306,7691344,36552859,29655499,35338580,30563187,36335097,34721006,35280256,33600428,37628659,37327085","-","-","-","-","-","BRONCHIECTASIS_WITH_OR_WITHOUT_ELEVATED_SWEAT_CHLORIDE_1+MIM_morbid+ENSG00000001626,Cystic_Fibrosis+MIM_morbid+ENSG00000001626,PANCREATITIS__HEREDITARY+MIM_morbid+ENSG00000001626,VAS_DEFERENS__CONGENITAL_BILATERAL_APLASIA_OF+MIM_morbid+ENSG00000001626,Aquagenic_palmoplantar_keratoderma+Orphanet+ENSG00000001626,Congenital_bilateral_absence_of_vas_deferens+Orphanet+ENSG00000001626,Cystic_Fibrosis+Orphanet+ENSG00000001626,Hereditary_chronic_pancreatitis+Orphanet+ENSG00000001626,Idiopathic_bronchiectasis+Orphanet+ENSG00000001626,Male_infertility_with_azoospermia_or_oligozoospermia_due_to_single_gene_mutation+Orphanet+ENSG00000001626,BRONCHIECTASIS_WITH_OR_WITHOUT_ELEVATED_SWEAT_CHLORIDE_1+ClinVar+rs115545701,CFTR-related_disorder+ClinVar+rs115545701,ClinVar:_phenotype_not_specified+ClinVar+rs115545701,ClinVar:_phenotype_not_specified+ClinVar+rs115545701,Cystic_Fibrosis+ClinVar+rs115545701,Cystic_Fibrosis+ClinVar+rs115545701,Hereditary_pancreatitis+ClinVar+rs115545701,ivacaftor_response_-_Efficacy+ClinVar+rs115545701","-","-","-",FALSE
".","7:117509089-117509089","T","missense_variant","MODERATE","CFTR","ENSG00000001626","Transcript","ENST00000889208.1","protein_coding","3/26","-","-","-","290","220","74","R/W","Cgg/Tgg","rs115545701,CM930098,COSV99134294","C","C/T","-","1","-","HGNC","HGNC:1884","-","-","-","-","-","ENSP00000559267","-","-","-","0.0054","likely_benign,conflicting_classifications_of_pathogenicity,drug_response,uncertain_significance,likely_pathogenic","0,0,1","1,1,1","25741868,26199320,30996306,7691344,36552859,29655499,35338580,30563187,36335097,34721006,35280256,33600428,37628659,37327085","-","-","-","-","-","BRONCHIECTASIS_WITH_OR_WITHOUT_ELEVATED_SWEAT_CHLORIDE_1+MIM_morbid+ENSG00000001626,Cystic_Fibrosis+MIM_morbid+ENSG00000001626,PANCREATITIS__HEREDITARY+MIM_morbid+ENSG00000001626,VAS_DEFERENS__CONGENITAL_BILATERAL_APLASIA_OF+MIM_morbid+ENSG00000001626,Aquagenic_palmoplantar_keratoderma+Orphanet+ENSG00000001626,Congenital_bilateral_absence_of_vas_deferens+Orphanet+ENSG00000001626,Cystic_Fibrosis+Orphanet+ENSG00000001626,Hereditary_chronic_pancreatitis+Orphanet+ENSG00000001626,Idiopathic_bronchiectasis+Orphanet+ENSG00000001626,Male_infertility_with_azoospermia_or_oligozoospermia_due_to_single_gene_mutation+Orphanet+ENSG00000001626,BRONCHIECTASIS_WITH_OR_WITHOUT_ELEVATED_SWEAT_CHLORIDE_1+ClinVar+rs115545701,CFTR-related_disorder+ClinVar+rs115545701,ClinVar:_phenotype_not_specified+ClinVar+rs115545701,ClinVar:_phenotype_not_specified+ClinVar+rs115545701,ClinVar:_phenotype_not_specified+ClinVar+rs115545701,Cystic_Fibrosis+ClinVar+rs115545701,Cystic_Fibrosis+ClinVar+rs115545701,Hereditary_pancreatitis+ClinVar+rs115545701,ivacaftor_response_-_Efficacy+ClinVar+rs115545701","-","-","-",FALSE
".","7:117509089-117509089","T","missense_variant","MODERATE","CFTR","ENSG00000001626","Transcript","ENST00000889209.1","protein_coding","3/26","-","-","-","288","220","74","R/W","Cgg/Tgg","rs115545701,CM930098,COSV99134294","C","C/T","-","1","-","HGNC","HGNC:1884","-","-","-","-","-","ENSP00000559268","-","-","-","0.0054","likely_benign,conflicting_classifications_of_pathogenicity,drug_response,uncertain_significance,likely_pathogenic","0,0,1","1,1,1","25741868,26199320,30996306,7691344,36552859,29655499,35338580,30563187,36335097,34721006,35280256,33600428,37628659,37327085","-","-","-","-","-","BRONCHIECTASIS_WITH_OR_WITHOUT_ELEVATED_SWEAT_CHLORIDE_1+MIM_morbid+ENSG00000001626,Cystic_Fibrosis+MIM_morbid+ENSG00000001626,PANCREATITIS__HEREDITARY+MIM_morbid+ENSG00000001626,VAS_DEFERENS__CONGENITAL_BILATERAL_APLASIA_OF+MIM_morbid+ENSG00000001626,Aquagenic_palmoplantar_keratoderma+Orphanet+ENSG00000001626,Congenital_bilateral_absence_of_vas_deferens+Orphanet+ENSG00000001626,Cystic_Fibrosis+Orphanet+ENSG00000001626,Hereditary_chronic_pancreatitis+Orphanet+ENSG00000001626,Idiopathic_bronchiectasis+Orphanet+ENSG00000001626,Male_infertility_with_azoospermia_or_oligozoospermia_due_to_single_gene_mutation+Orphanet+ENSG00000001626,BRONCHIECTASIS_WITH_OR_WITHOUT_ELEVATED_SWEAT_CHLORIDE_1+ClinVar+rs115545701,CFTR-related_disorder+ClinVar+rs115545701,ClinVar:_phenotype_not_specified+ClinVar+rs115545701,ClinVar:_phenotype_not_specified+ClinVar+rs115545701,ClinVar:_phenotype_not_specified+ClinVar+rs115545701,Cystic_Fibrosis+ClinVar+rs115545701,Cystic_Fibrosis+ClinVar+rs115545701,Hereditary_pancreatitis+ClinVar+rs115545701,ivacaftor_response_-_Efficacy+ClinVar+rs115545701","-","-","-",FALSE
".","7:117509089-117509089","T","missense_variant","MODERATE","CFTR","ENSG00000001626","Transcript","ENST00000889210.1","protein_coding","3/25","-","-","-","290","220","74","R/W","Cgg/Tgg","rs115545701,CM930098,COSV99134294","C","C/T","-","1","-","HGNC","HGNC:1884","-","-","-","-","-","ENSP00000559269","-","-","-","0.0054","likely_benign,conflicting_classifications_of_pathogenicity,drug_response,uncertain_significance,likely_pathogenic","0,0,1","1,1,1","25741868,26199320,30996306,7691344,36552859,29655499,35338580,30563187,36335097,34721006,35280256,33600428,37628659,37327085","-","-","-","-","-","BRONCHIECTASIS_WITH_OR_WITHOUT_ELEVATED_SWEAT_CHLORIDE_1+MIM_morbid+ENSG00000001626,Cystic_Fibrosis+MIM_morbid+ENSG00000001626,PANCREATITIS__HEREDITARY+MIM_morbid+ENSG00000001626,VAS_DEFERENS__CONGENITAL_BILATERAL_APLASIA_OF+MIM_morbid+ENSG00000001626,Aquagenic_palmoplantar_keratoderma+Orphanet+ENSG00000001626,Congenital_bilateral_absence_of_vas_deferens+Orphanet+ENSG00000001626,Cystic_Fibrosis+Orphanet+ENSG00000001626,Hereditary_chronic_pancreatitis+Orphanet+ENSG00000001626,Idiopathic_bronchiectasis+Orphanet+ENSG00000001626,Male_infertility_with_azoospermia_or_oligozoospermia_due_to_single_gene_mutation+Orphanet+ENSG00000001626,BRONCHIECTASIS_WITH_OR_WITHOUT_ELEVATED_SWEAT_CHLORIDE_1+ClinVar+rs115545701,CFTR-related_disorder+ClinVar+rs115545701,ClinVar:_phenotype_not_specified+ClinVar+rs115545701,ClinVar:_phenotype_not_specified+ClinVar+rs115545701,ClinVar:_phenotype_not_specified+ClinVar+rs115545701,Cystic_Fibrosis+ClinVar+rs115545701,Cystic_Fibrosis+ClinVar+rs115545701,Hereditary_pancreatitis+ClinVar+rs115545701,ivacaftor_response_-_Efficacy+ClinVar+rs115545701","-","-","-",FALSE
".","7:117509089-117509089","T","missense_variant","MODERATE","CFTR","ENSG00000001626","Transcript","ENST00000950799.1","protein_coding","3/23","-","-","-","356","220","74","R/W","Cgg/Tgg","rs115545701,CM930098,COSV99134294","C","C/T","-","1","-","HGNC","HGNC:1884","-","-","-","-","-","ENSP00000620858","-","-","-","0.0054","likely_benign,conflicting_classifications_of_pathogenicity,drug_response,uncertain_significance,likely_pathogenic","0,0,1","1,1,1","25741868,26199320,30996306,7691344,36552859,29655499,35338580,30563187,36335097,34721006,35280256,33600428,37628659,37327085","-","-","-","-","-","BRONCHIECTASIS_WITH_OR_WITHOUT_ELEVATED_SWEAT_CHLORIDE_1+MIM_morbid+ENSG00000001626,Cystic_Fibrosis+MIM_morbid+ENSG00000001626,PANCREATITIS__HEREDITARY+MIM_morbid+ENSG00000001626,VAS_DEFERENS__CONGENITAL_BILATERAL_APLASIA_OF+MIM_morbid+ENSG00000001626,Aquagenic_palmoplantar_keratoderma+Orphanet+ENSG00000001626,Congenital_bilateral_absence_of_vas_deferens+Orphanet+ENSG00000001626,Cystic_Fibrosis+Orphanet+ENSG00000001626,Hereditary_chronic_pancreatitis+Orphanet+ENSG00000001626,Idiopathic_bronchiectasis+Orphanet+ENSG00000001626,Male_infertility_with_azoospermia_or_oligozoospermia_due_to_single_gene_mutation+Orphanet+ENSG00000001626,BRONCHIECTASIS_WITH_OR_WITHOUT_ELEVATED_SWEAT_CHLORIDE_1+ClinVar+rs115545701,CFTR-related_disorder+ClinVar+rs115545701,ClinVar:_phenotype_not_specified+ClinVar+rs115545701,ClinVar:_phenotype_not_specified+ClinVar+rs115545701,ClinVar:_phenotype_not_specified+ClinVar+rs115545701,Cystic_Fibrosis+ClinVar+rs115545701,Hereditary_pancreatitis+ClinVar+rs115545701,ivacaftor_response_-_Efficacy+ClinVar+rs115545701","-","-","-",FALSE
".","7:117642528-117642528","A","missense_variant","MODERATE","CFTR","ENSG00000001626","Transcript","ENST00000003084.11","protein_coding","23/27","-","-","-","3878","3808","1270","D/N","Gat/Aat","rs11971167,CD064527,CM057575,CM920188,COSV50116636","G","G/A","-","1","-","HGNC","HGNC:1884","MANE_Select","NM_000492.4","-","1","P4","ENSP00000003084","-","deleterious_low_confidence(0)","probably_damaging(1)","0.0052","pathogenic,uncertain_significance,conflicting_classifications_of_pathogenicity,likely_pathogenic","0,0,0,0,1","1,1,1,1,1","18716917,30996306,1545465,18456578,15994263,36552859,29655499,30563187,34721006","-","-","-","-","-","BRONCHIECTASIS_WITH_OR_WITHOUT_ELEVATED_SWEAT_CHLORIDE_1+MIM_morbid+ENSG00000001626,Cystic_Fibrosis+MIM_morbid+ENSG00000001626,PANCREATITIS__HEREDITARY+MIM_morbid+ENSG00000001626,VAS_DEFERENS__CONGENITAL_BILATERAL_APLASIA_OF+MIM_morbid+ENSG00000001626,Aquagenic_palmoplantar_keratoderma+Orphanet+ENSG00000001626,Congenital_bilateral_absence_of_vas_deferens+Orphanet+ENSG00000001626,Cystic_Fibrosis+Orphanet+ENSG00000001626,Hereditary_chronic_pancreatitis+Orphanet+ENSG00000001626,Idiopathic_bronchiectasis+Orphanet+ENSG00000001626,Male_infertility_with_azoospermia_or_oligozoospermia_due_to_single_gene_mutation+Orphanet+ENSG00000001626,Cystic_Fibrosis+ClinVar+rs1554395323,BRONCHIECTASIS_WITH_OR_WITHOUT_ELEVATED_SWEAT_CHLORIDE_1+ClinVar+rs11971167,CFTR-related_disorder+ClinVar+rs11971167,ClinVar:_phenotype_not_specified+ClinVar+rs11971167,ClinVar:_phenotype_not_specified+ClinVar+rs11971167,ClinVar:_phenotype_not_specified+ClinVar+rs11971167,Congenital_bilateral_aplasia_of_vas_deferens_from_CFTR_mutation+ClinVar+rs11971167,Cystic_Fibrosis+ClinVar+rs11971167,Hereditary_pancreatitis+ClinVar+rs11971167,ivacaftor_response_-_Efficacy+ClinVar+rs11971167,ClinVar:_phenotype_not_specified+ClinVar+rs763843966,Cystic_Fibrosis+ClinVar+rs763843966","-","-","-",FALSE
".","7:117642528-117642528","A","missense_variant","MODERATE","CFTR","ENSG00000001626","Transcript","ENST00000426809.5","protein_coding","22/26","-","-","-","3718","3718","1240","D/N","Gat/Aat","rs11971167,CD064527,CM057575,CM920188,COSV50116636","G","G/A","-","1","cds_end_NF","HGNC","HGNC:1884","-","-","-","5","-","ENSP00000389119","-","deleterious_low_confidence(0)","probably_damaging(1)","0.0052","pathogenic,uncertain_significance,conflicting_classifications_of_pathogenicity,likely_pathogenic","0,0,0,0,1","1,1,1,1,1","18716917,30996306,1545465,18456578,15994263,36552859,29655499,30563187,34721006","-","-","-","-","-","BRONCHIECTASIS_WITH_OR_WITHOUT_ELEVATED_SWEAT_CHLORIDE_1+MIM_morbid+ENSG00000001626,Cystic_Fibrosis+MIM_morbid+ENSG00000001626,PANCREATITIS__HEREDITARY+MIM_morbid+ENSG00000001626,VAS_DEFERENS__CONGENITAL_BILATERAL_APLASIA_OF+MIM_morbid+ENSG00000001626,Aquagenic_palmoplantar_keratoderma+Orphanet+ENSG00000001626,Congenital_bilateral_absence_of_vas_deferens+Orphanet+ENSG00000001626,Cystic_Fibrosis+Orphanet+ENSG00000001626,Hereditary_chronic_pancreatitis+Orphanet+ENSG00000001626,Idiopathic_bronchiectasis+Orphanet+ENSG00000001626,Male_infertility_with_azoospermia_or_oligozoospermia_due_to_single_gene_mutation+Orphanet+ENSG00000001626,Cystic_Fibrosis+ClinVar+rs1554395323,BRONCHIECTASIS_WITH_OR_WITHOUT_ELEVATED_SWEAT_CHLORIDE_1+ClinVar+rs11971167,CFTR-related_disorder+ClinVar+rs11971167,ClinVar:_phenotype_not_specified+ClinVar+rs11971167,ClinVar:_phenotype_not_specified+ClinVar+rs11971167,Congenital_bilateral_aplasia_of_vas_deferens_from_CFTR_mutation+ClinVar+rs11971167,Cystic_Fibrosis+ClinVar+rs11971167,Cystic_Fibrosis+ClinVar+rs11971167,Hereditary_pancreatitis+ClinVar+rs11971167,ivacaftor_response_-_Efficacy+ClinVar+rs11971167,ClinVar:_phenotype_not_specified+ClinVar+rs763843966,Cystic_Fibrosis+ClinVar+rs763843966","-","-","-",FALSE
".","7:117642528-117642528","A","missense_variant","MODERATE","CFTR","ENSG00000001626","Transcript","ENST00000649781.2","protein_coding","22/26","-","-","-","3709","3625","1209","D/N","Gat/Aat","rs11971167,CD064527,CM057575,CM920188,COSV50116636","G","G/A","-","1","-","HGNC","HGNC:1884","-","-","-","-","-","ENSP00000497203","-","deleterious_low_confidence(0)","probably_damaging(0.998)","0.0052","pathogenic,uncertain_significance,conflicting_classifications_of_pathogenicity,likely_pathogenic","0,0,0,0,1","1,1,1,1,1","18716917,30996306,1545465,18456578,15994263,36552859,29655499,30563187,34721006","-","-","-","-","-","BRONCHIECTASIS_WITH_OR_WITHOUT_ELEVATED_SWEAT_CHLORIDE_1+MIM_morbid+ENSG00000001626,Cystic_Fibrosis+MIM_morbid+ENSG00000001626,PANCREATITIS__HEREDITARY+MIM_morbid+ENSG00000001626,VAS_DEFERENS__CONGENITAL_BILATERAL_APLASIA_OF+MIM_morbid+ENSG00000001626,Aquagenic_palmoplantar_keratoderma+Orphanet+ENSG00000001626,Congenital_bilateral_absence_of_vas_deferens+Orphanet+ENSG00000001626,Cystic_Fibrosis+Orphanet+ENSG00000001626,Hereditary_chronic_pancreatitis+Orphanet+ENSG00000001626,Idiopathic_bronchiectasis+Orphanet+ENSG00000001626,Male_infertility_with_azoospermia_or_oligozoospermia_due_to_single_gene_mutation+Orphanet+ENSG00000001626,Cystic_Fibrosis+ClinVar+rs1554395323,BRONCHIECTASIS_WITH_OR_WITHOUT_ELEVATED_SWEAT_CHLORIDE_1+ClinVar+rs11971167,CFTR-related_disorder+ClinVar+rs11971167,ClinVar:_phenotype_not_specified+ClinVar+rs11971167,ClinVar:_phenotype_not_specified+ClinVar+rs11971167,ClinVar:_phenotype_not_specified+ClinVar+rs11971167,Congenital_bilateral_aplasia_of_vas_deferens_from_CFTR_mutation+ClinVar+rs11971167,Cystic_Fibrosis+ClinVar+rs11971167,Hereditary_pancreatitis+ClinVar+rs11971167,ivacaftor_response_-_Efficacy+ClinVar+rs11971167,ClinVar:_phenotype_not_specified+ClinVar+rs763843966,Cystic_Fibrosis+ClinVar+rs763843966","-","-","-",FALSE
".","7:117642528-117642528","A","missense_variant,NMD_transcript_variant","MODERATE","CFTR","ENSG00000001626","Transcript","ENST00000685018.2","nonsense_mediated_decay","23/28","-","-","-","3915","3808","1270","D/N","Gat/Aat","rs11971167,CD064527,CM057575,CM920188,COSV50116636","G","G/A","-","1","-","HGNC","HGNC:1884","-","-","-","-","-","ENSP00000510194","-","deleterious_low_confidence(0)","benign(0.093)","0.0052","pathogenic,uncertain_significance,conflicting_classifications_of_pathogenicity,likely_pathogenic","0,0,0,0,1","1,1,1,1,1","18716917,30996306,1545465,18456578,15994263,36552859,29655499,30563187,34721006","-","-","-","-","-","BRONCHIECTASIS_WITH_OR_WITHOUT_ELEVATED_SWEAT_CHLORIDE_1+MIM_morbid+ENSG00000001626,Cystic_Fibrosis+MIM_morbid+ENSG00000001626,PANCREATITIS__HEREDITARY+MIM_morbid+ENSG00000001626,VAS_DEFERENS__CONGENITAL_BILATERAL_APLASIA_OF+MIM_morbid+ENSG00000001626,Aquagenic_palmoplantar_keratoderma+Orphanet+ENSG00000001626,Congenital_bilateral_absence_of_vas_deferens+Orphanet+ENSG00000001626,Cystic_Fibrosis+Orphanet+ENSG00000001626,Hereditary_chronic_pancreatitis+Orphanet+ENSG00000001626,Idiopathic_bronchiectasis+Orphanet+ENSG00000001626,Male_infertility_with_azoospermia_or_oligozoospermia_due_to_single_gene_mutation+Orphanet+ENSG00000001626,Cystic_Fibrosis+ClinVar+rs1554395323,BRONCHIECTASIS_WITH_OR_WITHOUT_ELEVATED_SWEAT_CHLORIDE_1+ClinVar+rs11971167,CFTR-related_disorder+ClinVar+rs11971167,ClinVar:_phenotype_not_specified+ClinVar+rs11971167,Congenital_bilateral_aplasia_of_vas_deferens_from_CFTR_mutation+ClinVar+rs11971167,Cystic_Fibrosis+ClinVar+rs11971167,Cystic_Fibrosis+ClinVar+rs11971167,Hereditary_pancreatitis+ClinVar+rs11971167,ivacaftor_response_-_Efficacy+ClinVar+rs11971167,ClinVar:_phenotype_not_specified+ClinVar+rs763843966,Cystic_Fibrosis+ClinVar+rs763843966","-","-","-",FALSE
".","7:117642528-117642528","A","missense_variant","MODERATE","CFTR","ENSG00000001626","Transcript","ENST00000689011.1","protein_coding","3/7","-","-","-","390","391","131","D/N","Gat/Aat","rs11971167,CD064527,CM057575,CM920188,COSV50116636","G","G/A","-","1","cds_start_NF","HGNC","HGNC:1884","-","-","-","-","-","ENSP00000510587","-","deleterious_low_confidence(0)","benign(0.015)","0.0052","pathogenic,uncertain_significance,conflicting_classifications_of_pathogenicity,likely_pathogenic","0,0,0,0,1","1,1,1,1,1","18716917,30996306,1545465,18456578,15994263,36552859,29655499,30563187,34721006","-","-","-","-","-","BRONCHIECTASIS_WITH_OR_WITHOUT_ELEVATED_SWEAT_CHLORIDE_1+MIM_morbid+ENSG00000001626,Cystic_Fibrosis+MIM_morbid+ENSG00000001626,PANCREATITIS__HEREDITARY+MIM_morbid+ENSG00000001626,VAS_DEFERENS__CONGENITAL_BILATERAL_APLASIA_OF+MIM_morbid+ENSG00000001626,Aquagenic_palmoplantar_keratoderma+Orphanet+ENSG00000001626,Congenital_bilateral_absence_of_vas_deferens+Orphanet+ENSG00000001626,Cystic_Fibrosis+Orphanet+ENSG00000001626,Hereditary_chronic_pancreatitis+Orphanet+ENSG00000001626,Idiopathic_bronchiectasis+Orphanet+ENSG00000001626,Male_infertility_with_azoospermia_or_oligozoospermia_due_to_single_gene_mutation+Orphanet+ENSG00000001626,Cystic_Fibrosis+ClinVar+rs1554395323,BRONCHIECTASIS_WITH_OR_WITHOUT_ELEVATED_SWEAT_CHLORIDE_1+ClinVar+rs11971167,CFTR-related_disorder+ClinVar+rs11971167,ClinVar:_phenotype_not_specified+ClinVar+rs11971167,ClinVar:_phenotype_not_specified+ClinVar+rs11971167,ClinVar:_phenotype_not_specified+ClinVar+rs11971167,Congenital_bilateral_aplasia_of_vas_deferens_from_CFTR_mutation+ClinVar+rs11971167,Cystic_Fibrosis+ClinVar+rs11971167,Hereditary_pancreatitis+ClinVar+rs11971167,ivacaftor_response_-_Efficacy+ClinVar+rs11971167,ClinVar:_phenotype_not_specified+ClinVar+rs763843966,Cystic_Fibrosis+ClinVar+rs763843966","-","-","-",FALSE
".","7:117642528-117642528","A","missense_variant,NMD_transcript_variant","MODERATE","CFTR","ENSG00000001626","Transcript","ENST00000699598.1","nonsense_mediated_decay","23/29","-","-","-","3915","3808","1270","D/N","Gat/Aat","rs11971167,CD064527,CM057575,CM920188,COSV50116636","G","G/A","-","1","-","HGNC","HGNC:1884","-","-","-","-","-","ENSP00000514467","-","deleterious_low_confidence(0)","probably_damaging(0.994)","0.0052","pathogenic,uncertain_significance,conflicting_classifications_of_pathogenicity,likely_pathogenic","0,0,0,0,1","1,1,1,1,1","18716917,30996306,1545465,18456578,15994263,36552859,29655499,30563187,34721006","-","-","-","-","-","BRONCHIECTASIS_WITH_OR_WITHOUT_ELEVATED_SWEAT_CHLORIDE_1+MIM_morbid+ENSG00000001626,Cystic_Fibrosis+MIM_morbid+ENSG00000001626,PANCREATITIS__HEREDITARY+MIM_morbid+ENSG00000001626,VAS_DEFERENS__CONGENITAL_BILATERAL_APLASIA_OF+MIM_morbid+ENSG00000001626,Aquagenic_palmoplantar_keratoderma+Orphanet+ENSG00000001626,Congenital_bilateral_absence_of_vas_deferens+Orphanet+ENSG00000001626,Cystic_Fibrosis+Orphanet+ENSG00000001626,Hereditary_chronic_pancreatitis+Orphanet+ENSG00000001626,Idiopathic_bronchiectasis+Orphanet+ENSG00000001626,Male_infertility_with_azoospermia_or_oligozoospermia_due_to_single_gene_mutation+Orphanet+ENSG00000001626,Cystic_Fibrosis+ClinVar+rs1554395323,BRONCHIECTASIS_WITH_OR_WITHOUT_ELEVATED_SWEAT_CHLORIDE_1+ClinVar+rs11971167,CFTR-related_disorder+ClinVar+rs11971167,ClinVar:_phenotype_not_specified+ClinVar+rs11971167,ClinVar:_phenotype_not_specified+ClinVar+rs11971167,Congenital_bilateral_aplasia_of_vas_deferens_from_CFTR_mutation+ClinVar+rs11971167,Cystic_Fibrosis+ClinVar+rs11971167,Hereditary_pancreatitis+ClinVar+rs11971167,ivacaftor_response_-_Efficacy+ClinVar+rs11971167,ClinVar:_phenotype_not_specified+ClinVar+rs763843966,Cystic_Fibrosis+ClinVar+rs763843966","-","-","-",FALSE
".","7:117642528-117642528","A","missense_variant,NMD_transcript_variant","MODERATE","CFTR","ENSG00000001626","Transcript","ENST00000699599.1","nonsense_mediated_decay","23/30","-","-","-","3915","3808","1270","D/N","Gat/Aat","rs11971167,CD064527,CM057575,CM920188,COSV50116636","G","G/A","-","1","-","HGNC","HGNC:1884","-","-","-","-","-","ENSP00000514468","-","deleterious_low_confidence(0)","benign(0.093)","0.0052","pathogenic,uncertain_significance,conflicting_classifications_of_pathogenicity,likely_pathogenic","0,0,0,0,1","1,1,1,1,1","18716917,30996306,1545465,18456578,15994263,36552859,29655499,30563187,34721006","-","-","-","-","-","BRONCHIECTASIS_WITH_OR_WITHOUT_ELEVATED_SWEAT_CHLORIDE_1+MIM_morbid+ENSG00000001626,Cystic_Fibrosis+MIM_morbid+ENSG00000001626,PANCREATITIS__HEREDITARY+MIM_morbid+ENSG00000001626,VAS_DEFERENS__CONGENITAL_BILATERAL_APLASIA_OF+MIM_morbid+ENSG00000001626,Aquagenic_palmoplantar_keratoderma+Orphanet+ENSG00000001626,Congenital_bilateral_absence_of_vas_deferens+Orphanet+ENSG00000001626,Cystic_Fibrosis+Orphanet+ENSG00000001626,Hereditary_chronic_pancreatitis+Orphanet+ENSG00000001626,Idiopathic_bronchiectasis+Orphanet+ENSG00000001626,Male_infertility_with_azoospermia_or_oligozoospermia_due_to_single_gene_mutation+Orphanet+ENSG00000001626,Cystic_Fibrosis+ClinVar+rs1554395323,BRONCHIECTASIS_WITH_OR_WITHOUT_ELEVATED_SWEAT_CHLORIDE_1+ClinVar+rs11971167,CFTR-related_disorder+ClinVar+rs11971167,ClinVar:_phenotype_not_specified+ClinVar+rs11971167,ClinVar:_phenotype_not_specified+ClinVar+rs11971167,ClinVar:_phenotype_not_specified+ClinVar+rs11971167,Congenital_bilateral_aplasia_of_vas_deferens_from_CFTR_mutation+ClinVar+rs11971167,Cystic_Fibrosis+ClinVar+rs11971167,Cystic_Fibrosis+ClinVar+rs11971167,Hereditary_pancreatitis+ClinVar+rs11971167,ivacaftor_response_-_Efficacy+ClinVar+rs11971167,ClinVar:_phenotype_not_specified+ClinVar+rs763843966,Cystic_Fibrosis+ClinVar+rs763843966","-","-","-",FALSE
".","7:117642528-117642528","A","missense_variant","MODERATE","CFTR","ENSG00000001626","Transcript","ENST00000699602.1","protein_coding","23/27","-","-","-","3909","3802","1268","D/N","Gat/Aat","rs11971167,CD064527,CM057575,CM920188,COSV50116636","G","G/A","-","1","-","HGNC","HGNC:1884","-","-","-","-","A1","ENSP00000514471","-","deleterious_low_confidence(0)","probably_damaging(0.999)","0.0052","pathogenic,uncertain_significance,conflicting_classifications_of_pathogenicity,likely_pathogenic","0,0,0,0,1","1,1,1,1,1","18716917,30996306,1545465,18456578,15994263,36552859,29655499,30563187,34721006","-","-","-","-","-","BRONCHIECTASIS_WITH_OR_WITHOUT_ELEVATED_SWEAT_CHLORIDE_1+MIM_morbid+ENSG00000001626,Cystic_Fibrosis+MIM_morbid+ENSG00000001626,PANCREATITIS__HEREDITARY+MIM_morbid+ENSG00000001626,VAS_DEFERENS__CONGENITAL_BILATERAL_APLASIA_OF+MIM_morbid+ENSG00000001626,Aquagenic_palmoplantar_keratoderma+Orphanet+ENSG00000001626,Congenital_bilateral_absence_of_vas_deferens+Orphanet+ENSG00000001626,Cystic_Fibrosis+Orphanet+ENSG00000001626,Hereditary_chronic_pancreatitis+Orphanet+ENSG00000001626,Idiopathic_bronchiectasis+Orphanet+ENSG00000001626,Male_infertility_with_azoospermia_or_oligozoospermia_due_to_single_gene_mutation+Orphanet+ENSG00000001626,Cystic_Fibrosis+ClinVar+rs1554395323,BRONCHIECTASIS_WITH_OR_WITHOUT_ELEVATED_SWEAT_CHLORIDE_1+ClinVar+rs11971167,CFTR-related_disorder+ClinVar+rs11971167,ClinVar:_phenotype_not_specified+ClinVar+rs11971167,ClinVar:_phenotype_not_specified+ClinVar+rs11971167,ClinVar:_phenotype_not_specified+ClinVar+rs11971167,Congenital_bilateral_aplasia_of_vas_deferens_from_CFTR_mutation+ClinVar+rs11971167,Cystic_Fibrosis+ClinVar+rs11971167,Cystic_Fibrosis+ClinVar+rs11971167,Hereditary_pancreatitis+ClinVar+rs11971167,ivacaftor_response_-_Efficacy+ClinVar+rs11971167,ClinVar:_phenotype_not_specified+ClinVar+rs763843966,Cystic_Fibrosis+ClinVar+rs763843966","-","-","-",FALSE
".","7:117642528-117642528","A","missense_variant","MODERATE","CFTR","ENSG00000001626","Transcript","ENST00000699605.1","protein_coding","23/27","-","-","-","3804","3382","1128","D/N","Gat/Aat","rs11971167,CD064527,CM057575,CM920188,COSV50116636","G","G/A","-","1","-","HGNC","HGNC:1884","-","-","-","-","-","ENSP00000514473","-","deleterious_low_confidence(0)","probably_damaging(0.998)","0.0052","pathogenic,uncertain_significance,conflicting_classifications_of_pathogenicity,likely_pathogenic","0,0,0,0,1","1,1,1,1,1","18716917,30996306,1545465,18456578,15994263,36552859,29655499,30563187,34721006","-","-","-","-","-","BRONCHIECTASIS_WITH_OR_WITHOUT_ELEVATED_SWEAT_CHLORIDE_1+MIM_morbid+ENSG00000001626,Cystic_Fibrosis+MIM_morbid+ENSG00000001626,PANCREATITIS__HEREDITARY+MIM_morbid+ENSG00000001626,VAS_DEFERENS__CONGENITAL_BILATERAL_APLASIA_OF+MIM_morbid+ENSG00000001626,Aquagenic_palmoplantar_keratoderma+Orphanet+ENSG00000001626,Congenital_bilateral_absence_of_vas_deferens+Orphanet+ENSG00000001626,Cystic_Fibrosis+Orphanet+ENSG00000001626,Hereditary_chronic_pancreatitis+Orphanet+ENSG00000001626,Idiopathic_bronchiectasis+Orphanet+ENSG00000001626,Male_infertility_with_azoospermia_or_oligozoospermia_due_to_single_gene_mutation+Orphanet+ENSG00000001626,Cystic_Fibrosis+ClinVar+rs1554395323,BRONCHIECTASIS_WITH_OR_WITHOUT_ELEVATED_SWEAT_CHLORIDE_1+ClinVar+rs11971167,CFTR-related_disorder+ClinVar+rs11971167,ClinVar:_phenotype_not_specified+ClinVar+rs11971167,ClinVar:_phenotype_not_specified+ClinVar+rs11971167,ClinVar:_phenotype_not_specified+ClinVar+rs11971167,Congenital_bilateral_aplasia_of_vas_deferens_from_CFTR_mutation+ClinVar+rs11971167,Cystic_Fibrosis+ClinVar+rs11971167,Cystic_Fibrosis+ClinVar+rs11971167,Hereditary_pancreatitis+ClinVar+rs11971167,ivacaftor_response_-_Efficacy+ClinVar+rs11971167,ClinVar:_phenotype_not_specified+ClinVar+rs763843966,Cystic_Fibrosis+ClinVar+rs763843966","-","-","-",FALSE
".","7:117642528-117642528","A","missense_variant","MODERATE","CFTR","ENSG00000001626","Transcript","ENST00000889206.1","protein_coding","22/26","-","-","-","3836","3721","1241","D/N","Gat/Aat","rs11971167,CD064527,CM057575,CM920188,COSV50116636","G","G/A","-","1","-","HGNC","HGNC:1884","-","-","-","-","-","ENSP00000559265","-","-","-","0.0052","pathogenic,uncertain_significance,conflicting_classifications_of_pathogenicity,likely_pathogenic","0,0,0,0,1","1,1,1,1,1","18716917,30996306,1545465,18456578,15994263,36552859,29655499,30563187,34721006","-","-","-","-","-","BRONCHIECTASIS_WITH_OR_WITHOUT_ELEVATED_SWEAT_CHLORIDE_1+MIM_morbid+ENSG00000001626,Cystic_Fibrosis+MIM_morbid+ENSG00000001626,PANCREATITIS__HEREDITARY+MIM_morbid+ENSG00000001626,VAS_DEFERENS__CONGENITAL_BILATERAL_APLASIA_OF+MIM_morbid+ENSG00000001626,Aquagenic_palmoplantar_keratoderma+Orphanet+ENSG00000001626,Congenital_bilateral_absence_of_vas_deferens+Orphanet+ENSG00000001626,Cystic_Fibrosis+Orphanet+ENSG00000001626,Hereditary_chronic_pancreatitis+Orphanet+ENSG00000001626,Idiopathic_bronchiectasis+Orphanet+ENSG00000001626,Male_infertility_with_azoospermia_or_oligozoospermia_due_to_single_gene_mutation+Orphanet+ENSG00000001626,Cystic_Fibrosis+ClinVar+rs1554395323,BRONCHIECTASIS_WITH_OR_WITHOUT_ELEVATED_SWEAT_CHLORIDE_1+ClinVar+rs11971167,CFTR-related_disorder+ClinVar+rs11971167,ClinVar:_phenotype_not_specified+ClinVar+rs11971167,ClinVar:_phenotype_not_specified+ClinVar+rs11971167,Congenital_bilateral_aplasia_of_vas_deferens_from_CFTR_mutation+ClinVar+rs11971167,Cystic_Fibrosis+ClinVar+rs11971167,Cystic_Fibrosis+ClinVar+rs11971167,Hereditary_pancreatitis+ClinVar+rs11971167,ivacaftor_response_-_Efficacy+ClinVar+rs11971167,ClinVar:_phenotype_not_specified+ClinVar+rs763843966,Cystic_Fibrosis+ClinVar+rs763843966","-","-","-",FALSE
".","7:117642528-117642528","A","missense_variant","MODERATE","CFTR","ENSG00000001626","Transcript","ENST00000889207.1","protein_coding","22/26","-","-","-","3528","3430","1144","D/N","Gat/Aat","rs11971167,CD064527,CM057575,CM920188,COSV50116636","G","G/A","-","1","-","HGNC","HGNC:1884","-","-","-","-","-","ENSP00000559266","-","-","-","0.0052","pathogenic,uncertain_significance,conflicting_classifications_of_pathogenicity,likely_pathogenic","0,0,0,0,1","1,1,1,1,1","18716917,30996306,1545465,18456578,15994263,36552859,29655499,30563187,34721006","-","-","-","-","-","BRONCHIECTASIS_WITH_OR_WITHOUT_ELEVATED_SWEAT_CHLORIDE_1+MIM_morbid+ENSG00000001626,Cystic_Fibrosis+MIM_morbid+ENSG00000001626,PANCREATITIS__HEREDITARY+MIM_morbid+ENSG00000001626,VAS_DEFERENS__CONGENITAL_BILATERAL_APLASIA_OF+MIM_morbid+ENSG00000001626,Aquagenic_palmoplantar_keratoderma+Orphanet+ENSG00000001626,Congenital_bilateral_absence_of_vas_deferens+Orphanet+ENSG00000001626,Cystic_Fibrosis+Orphanet+ENSG00000001626,Hereditary_chronic_pancreatitis+Orphanet+ENSG00000001626,Idiopathic_bronchiectasis+Orphanet+ENSG00000001626,Male_infertility_with_azoospermia_or_oligozoospermia_due_to_single_gene_mutation+Orphanet+ENSG00000001626,Cystic_Fibrosis+ClinVar+rs1554395323,BRONCHIECTASIS_WITH_OR_WITHOUT_ELEVATED_SWEAT_CHLORIDE_1+ClinVar+rs11971167,CFTR-related_disorder+ClinVar+rs11971167,ClinVar:_phenotype_not_specified+ClinVar+rs11971167,ClinVar:_phenotype_not_specified+ClinVar+rs11971167,ClinVar:_phenotype_not_specified+ClinVar+rs11971167,Congenital_bilateral_aplasia_of_vas_deferens_from_CFTR_mutation+ClinVar+rs11971167,Cystic_Fibrosis+ClinVar+rs11971167,Hereditary_pancreatitis+ClinVar+rs11971167,ivacaftor_response_-_Efficacy+ClinVar+rs11971167,ClinVar:_phenotype_not_specified+ClinVar+rs763843966,Cystic_Fibrosis+ClinVar+rs763843966","-","-","-",FALSE
".","7:117642528-117642528","A","missense_variant","MODERATE","CFTR","ENSG00000001626","Transcript","ENST00000889208.1","protein_coding","22/26","-","-","-","3749","3679","1227","D/N","Gat/Aat","rs11971167,CD064527,CM057575,CM920188,COSV50116636","G","G/A","-","1","-","HGNC","HGNC:1884","-","-","-","-","-","ENSP00000559267","-","-","-","0.0052","pathogenic,uncertain_significance,conflicting_classifications_of_pathogenicity,likely_pathogenic","0,0,0,0,1","1,1,1,1,1","18716917,30996306,1545465,18456578,15994263,36552859,29655499,30563187,34721006","-","-","-","-","-","BRONCHIECTASIS_WITH_OR_WITHOUT_ELEVATED_SWEAT_CHLORIDE_1+MIM_morbid+ENSG00000001626,Cystic_Fibrosis+MIM_morbid+ENSG00000001626,PANCREATITIS__HEREDITARY+MIM_morbid+ENSG00000001626,VAS_DEFERENS__CONGENITAL_BILATERAL_APLASIA_OF+MIM_morbid+ENSG00000001626,Aquagenic_palmoplantar_keratoderma+Orphanet+ENSG00000001626,Congenital_bilateral_absence_of_vas_deferens+Orphanet+ENSG00000001626,Cystic_Fibrosis+Orphanet+ENSG00000001626,Hereditary_chronic_pancreatitis+Orphanet+ENSG00000001626,Idiopathic_bronchiectasis+Orphanet+ENSG00000001626,Male_infertility_with_azoospermia_or_oligozoospermia_due_to_single_gene_mutation+Orphanet+ENSG00000001626,Cystic_Fibrosis+ClinVar+rs1554395323,BRONCHIECTASIS_WITH_OR_WITHOUT_ELEVATED_SWEAT_CHLORIDE_1+ClinVar+rs11971167,CFTR-related_disorder+ClinVar+rs11971167,ClinVar:_phenotype_not_specified+ClinVar+rs11971167,ClinVar:_phenotype_not_specified+ClinVar+rs11971167,ClinVar:_phenotype_not_specified+ClinVar+rs11971167,Congenital_bilateral_aplasia_of_vas_deferens_from_CFTR_mutation+ClinVar+rs11971167,Cystic_Fibrosis+ClinVar+rs11971167,Cystic_Fibrosis+ClinVar+rs11971167,Hereditary_pancreatitis+ClinVar+rs11971167,ivacaftor_response_-_Efficacy+ClinVar+rs11971167,ClinVar:_phenotype_not_specified+ClinVar+rs763843966,Cystic_Fibrosis+ClinVar+rs763843966","-","-","-",FALSE
".","7:117642528-117642528","A","missense_variant","MODERATE","CFTR","ENSG00000001626","Transcript","ENST00000889209.1","protein_coding","23/26","-","-","-","3876","3808","1270","D/N","Gat/Aat","rs11971167,CD064527,CM057575,CM920188,COSV50116636","G","G/A","-","1","-","HGNC","HGNC:1884","-","-","-","-","-","ENSP00000559268","-","-","-","0.0052","pathogenic,uncertain_significance,conflicting_classifications_of_pathogenicity,likely_pathogenic","0,0,0,0,1","1,1,1,1,1","18716917,30996306,1545465,18456578,15994263,36552859,29655499,30563187,34721006","-","-","-","-","-","BRONCHIECTASIS_WITH_OR_WITHOUT_ELEVATED_SWEAT_CHLORIDE_1+MIM_morbid+ENSG00000001626,Cystic_Fibrosis+MIM_morbid+ENSG00000001626,PANCREATITIS__HEREDITARY+MIM_morbid+ENSG00000001626,VAS_DEFERENS__CONGENITAL_BILATERAL_APLASIA_OF+MIM_morbid+ENSG00000001626,Aquagenic_palmoplantar_keratoderma+Orphanet+ENSG00000001626,Congenital_bilateral_absence_of_vas_deferens+Orphanet+ENSG00000001626,Cystic_Fibrosis+Orphanet+ENSG00000001626,Hereditary_chronic_pancreatitis+Orphanet+ENSG00000001626,Idiopathic_bronchiectasis+Orphanet+ENSG00000001626,Male_infertility_with_azoospermia_or_oligozoospermia_due_to_single_gene_mutation+Orphanet+ENSG00000001626,Cystic_Fibrosis+ClinVar+rs1554395323,BRONCHIECTASIS_WITH_OR_WITHOUT_ELEVATED_SWEAT_CHLORIDE_1+ClinVar+rs11971167,CFTR-related_disorder+ClinVar+rs11971167,ClinVar:_phenotype_not_specified+ClinVar+rs11971167,ClinVar:_phenotype_not_specified+ClinVar+rs11971167,Congenital_bilateral_aplasia_of_vas_deferens_from_CFTR_mutation+ClinVar+rs11971167,Cystic_Fibrosis+ClinVar+rs11971167,Hereditary_pancreatitis+ClinVar+rs11971167,ivacaftor_response_-_Efficacy+ClinVar+rs11971167,ClinVar:_phenotype_not_specified+ClinVar+rs763843966,Cystic_Fibrosis+ClinVar+rs763843966","-","-","-",FALSE
".","7:117642528-117642528","A","missense_variant","MODERATE","CFTR","ENSG00000001626","Transcript","ENST00000889210.1","protein_coding","21/25","-","-","-","3566","3496","1166","D/N","Gat/Aat","rs11971167,CD064527,CM057575,CM920188,COSV50116636","G","G/A","-","1","-","HGNC","HGNC:1884","-","-","-","-","-","ENSP00000559269","-","-","-","0.0052","pathogenic,uncertain_significance,conflicting_classifications_of_pathogenicity,likely_pathogenic","0,0,0,0,1","1,1,1,1,1","18716917,30996306,1545465,18456578,15994263,36552859,29655499,30563187,34721006","-","-","-","-","-","BRONCHIECTASIS_WITH_OR_WITHOUT_ELEVATED_SWEAT_CHLORIDE_1+MIM_morbid+ENSG00000001626,Cystic_Fibrosis+MIM_morbid+ENSG00000001626,PANCREATITIS__HEREDITARY+MIM_morbid+ENSG00000001626,VAS_DEFERENS__CONGENITAL_BILATERAL_APLASIA_OF+MIM_morbid+ENSG00000001626,Aquagenic_palmoplantar_keratoderma+Orphanet+ENSG00000001626,Congenital_bilateral_absence_of_vas_deferens+Orphanet+ENSG00000001626,Cystic_Fibrosis+Orphanet+ENSG00000001626,Hereditary_chronic_pancreatitis+Orphanet+ENSG00000001626,Idiopathic_bronchiectasis+Orphanet+ENSG00000001626,Male_infertility_with_azoospermia_or_oligozoospermia_due_to_single_gene_mutation+Orphanet+ENSG00000001626,Cystic_Fibrosis+ClinVar+rs1554395323,BRONCHIECTASIS_WITH_OR_WITHOUT_ELEVATED_SWEAT_CHLORIDE_1+ClinVar+rs11971167,CFTR-related_disorder+ClinVar+rs11971167,ClinVar:_phenotype_not_specified+ClinVar+rs11971167,ClinVar:_phenotype_not_specified+ClinVar+rs11971167,Congenital_bilateral_aplasia_of_vas_deferens_from_CFTR_mutation+ClinVar+rs11971167,Cystic_Fibrosis+ClinVar+rs11971167,Cystic_Fibrosis+ClinVar+rs11971167,Hereditary_pancreatitis+ClinVar+rs11971167,ivacaftor_response_-_Efficacy+ClinVar+rs11971167,ClinVar:_phenotype_not_specified+ClinVar+rs763843966,Cystic_Fibrosis+ClinVar+rs763843966","-","-","-",FALSE
".","7:117642528-117642528","A","missense_variant","MODERATE","CFTR","ENSG00000001626","Transcript","ENST00000950799.1","protein_coding","19/23","-","-","-","2909","2773","925","D/N","Gat/Aat","rs11971167,CD064527,CM057575,CM920188,COSV50116636","G","G/A","-","1","-","HGNC","HGNC:1884","-","-","-","-","-","ENSP00000620858","-","-","-","0.0052","pathogenic,uncertain_significance,conflicting_classifications_of_pathogenicity,likely_pathogenic","0,0,0,0,1","1,1,1,1,1","18716917,30996306,1545465,18456578,15994263,36552859,29655499,30563187,34721006","-","-","-","-","-","BRONCHIECTASIS_WITH_OR_WITHOUT_ELEVATED_SWEAT_CHLORIDE_1+MIM_morbid+ENSG00000001626,Cystic_Fibrosis+MIM_morbid+ENSG00000001626,PANCREATITIS__HEREDITARY+MIM_morbid+ENSG00000001626,VAS_DEFERENS__CONGENITAL_BILATERAL_APLASIA_OF+MIM_morbid+ENSG00000001626,Aquagenic_palmoplantar_keratoderma+Orphanet+ENSG00000001626,Congenital_bilateral_absence_of_vas_deferens+Orphanet+ENSG00000001626,Cystic_Fibrosis+Orphanet+ENSG00000001626,Hereditary_chronic_pancreatitis+Orphanet+ENSG00000001626,Idiopathic_bronchiectasis+Orphanet+ENSG00000001626,Male_infertility_with_azoospermia_or_oligozoospermia_due_to_single_gene_mutation+Orphanet+ENSG00000001626,Cystic_Fibrosis+ClinVar+rs1554395323,BRONCHIECTASIS_WITH_OR_WITHOUT_ELEVATED_SWEAT_CHLORIDE_1+ClinVar+rs11971167,CFTR-related_disorder+ClinVar+rs11971167,ClinVar:_phenotype_not_specified+ClinVar+rs11971167,ClinVar:_phenotype_not_specified+ClinVar+rs11971167,Congenital_bilateral_aplasia_of_vas_deferens_from_CFTR_mutation+ClinVar+rs11971167,Cystic_Fibrosis+ClinVar+rs11971167,Hereditary_pancreatitis+ClinVar+rs11971167,ivacaftor_response_-_Efficacy+ClinVar+rs11971167,ClinVar:_phenotype_not_specified+ClinVar+rs763843966,Cystic_Fibrosis+ClinVar+rs763843966","-","-","-",FALSE
